{
  "original_exponent": 0.07385518503697269,
  "bsbr_exponent": -0.14358300470086788,
  "speedup_at_max_length": 0.9336747626295661,
  "memory_savings_at_max_length": null
}