{
  "config": {
    "model_name": "gpt2",
    "chunk_size": 128,
    "device": "cpu",
    "num_repeats": 2
  },
  "original": [
    {
      "mean_time": 0.17104923725128174,
      "std_time": 0.0019685029983520508,
      "median_time": 0.17104923725128174,
      "min_time": 0.1690807342529297,
      "max_time": 0.1730177402496338,
      "seq_length": 64,
      "batch_size": 2,
      "tokens_per_batch": 128
    },
    {
      "mean_time": 0.18003368377685547,
      "std_time": 0.003965854644775391,
      "median_time": 0.18003368377685547,
      "min_time": 0.17606782913208008,
      "max_time": 0.18399953842163086,
      "seq_length": 128,
      "batch_size": 1,
      "tokens_per_batch": 128
    }
  ],
  "bsbr": [
    {
      "mean_time": 0.21300065517425537,
      "std_time": 0.0029996633529663086,
      "median_time": 0.21300065517425537,
      "min_time": 0.21000099182128906,
      "max_time": 0.21600031852722168,
      "seq_length": 64,
      "batch_size": 2,
      "tokens_per_batch": 128
    },
    {
      "mean_time": 0.19282269477844238,
      "std_time": 0.0038213729858398438,
      "median_time": 0.19282269477844238,
      "min_time": 0.18900132179260254,
      "max_time": 0.19664406776428223,
      "seq_length": 128,
      "batch_size": 1,
      "tokens_per_batch": 128
    }
  ]
}