{
  "original_exponent": 0.3395957103542802,
  "bsbr_exponent": 0.5453898739935048,
  "speedup_at_max_length": 0.6145190680365389,
  "memory_savings_at_max_length": null
}