{
  "1": 0.0,
  "5": 0.005050505050505051,
  "10": 0.026262626262626262
}