{
  "1": 0.0,
  "5": 0.00101010101010101,
  "10": 0.011111111111111112
}