{
  "original_exponent": 0.07856617486604034,
  "bsbr_exponent": 0.34659537616216135,
  "speedup_at_max_length": 0.5504464676765721,
  "memory_savings_at_max_length": null
}