{
  "average": {
    "cosine_similarity": -0.7004632949829102,
    "mse": 66.48546600341797,
    "kl_divergence": 23.025848388671875
  },
  "std_dev": {
    "cosine_similarity": 0.0,
    "mse": 0.0,
    "kl_divergence": 0.0
  },
  "all_samples": [
    {
      "cosine_similarity": -0.7004632949829102,
      "mse": 66.48546600341797,
      "kl_divergence": 23.025848388671875
    }
  ]
}